TILENAME,PATH
DES1305+1751, DEC_Taiga/multiepoch/delve/r6117/DES1305+1751/p01/coadd
DES1630-1915, DEC_Taiga/multiepoch/delve/r6117/DES1630-1915/p01/coadd
DES1316+1252, DEC_Taiga/multiepoch/delve/r6117/DES1316+1252/p01/coadd
DES1629-1707, DEC_Taiga/multiepoch/delve/r6117/DES1629-1707/p01/coadd
DES1159-2332, DEC_Taiga/multiepoch/delve/r6117/DES1159-2332/p01/coadd
DES1301+2834, DEC_Taiga/multiepoch/delve/r6117/DES1301+2834/p01/coadd
DES1628-2124, DEC_Taiga/multiepoch/delve/r6117/DES1628-2124/p01/coadd
DES1318+1500, DEC_Taiga/multiepoch/delve/r6117/DES1318+1500/p01/coadd
DES1629-2249, DEC_Taiga/multiepoch/delve/r6117/DES1629-2249/p01/coadd
DES1551+0209, DEC_Taiga/multiepoch/delve/r6117/DES1551+0209/p01/coadd
DES1649-2124, DEC_Taiga/multiepoch/delve/r6117/DES1649-2124/p01/coadd
DES1449+1209, DEC_Taiga/multiepoch/delve/r6117/DES1449+1209/p02/coadd
DES1247+1252, DEC_Taiga/multiepoch/delve/r6117/DES1247+1252/p01/coadd
DES1725-0915, DEC_Taiga/multiepoch/delve/r6117/DES1725-0915/p01/coadd
DES1246-0458, DEC_Taiga/multiepoch/delve/r6117/DES1246-0458/p01/coadd
DES0933+3000, DEC_Taiga/multiepoch/delve/r6117/DES0933+3000/p01/coadd
DES1604+1000, DEC_Taiga/multiepoch/delve/r6117/DES1604+1000/p01/coadd
DES1737-1041, DEC_Taiga/multiepoch/delve/r6117/DES1737-1041/p01/coadd
DES1403+0500, DEC_Taiga/multiepoch/delve/r6117/DES1403+0500/p01/coadd
DES1621+1334, DEC_Taiga/multiepoch/delve/r6117/DES1621+1334/p01/coadd
DES1524+2208, DEC_Taiga/multiepoch/delve/r6117/DES1524+2208/p02/coadd
DES1346+0252, DEC_Taiga/multiepoch/delve/r6117/DES1346+0252/p01/coadd
DES1016+3000, DEC_Taiga/multiepoch/delve/r6117/DES1016+3000/p03/coadd
DES1409+0500, DEC_Taiga/multiepoch/delve/r6117/DES1409+0500/p02/coadd
DES1510+0835, DEC_Taiga/multiepoch/delve/r6117/DES1510+0835/p02/coadd
DES1559-0541, DEC_Taiga/multiepoch/delve/r6117/DES1559-0541/p01/coadd
DES1417-1124, DEC_Taiga/multiepoch/delve/r6117/DES1417-1124/p01/coadd
DES1624+0500, DEC_Taiga/multiepoch/delve/r6117/DES1624+0500/p01/coadd
DES1740-0541, DEC_Taiga/multiepoch/delve/r6117/DES1740-0541/p01/coadd
DES1427-0041, DEC_Taiga/multiepoch/delve/r6117/DES1427-0041/p01/coadd
DES1513-1624, DEC_Taiga/multiepoch/delve/r6117/DES1513-1624/p02/coadd
DES1219+0543, DEC_Taiga/multiepoch/delve/r6117/DES1219+0543/p01/coadd
DES1227+1834, DEC_Taiga/multiepoch/delve/r6117/DES1227+1834/p02/coadd
DES1402+0001, DEC_Taiga/multiepoch/delve/r6117/DES1402+0001/p02/coadd
DES1242-1707, DEC_Taiga/multiepoch/delve/r6117/DES1242-1707/p01/coadd
DES1604+1043, DEC_Taiga/multiepoch/delve/r6117/DES1604+1043/p01/coadd
DES1214+2334, DEC_Taiga/multiepoch/delve/r6117/DES1214+2334/p01/coadd
DES1307-2249, DEC_Taiga/multiepoch/delve/r6117/DES1307-2249/p01/coadd
DES1305-0707, DEC_Taiga/multiepoch/delve/r6117/DES1305-0707/p01/coadd
DES1604+0335, DEC_Taiga/multiepoch/delve/r6117/DES1604+0335/p01/coadd
DES1626+2500, DEC_Taiga/multiepoch/delve/r6117/DES1626+2500/p01/coadd
DES1722-0624, DEC_Taiga/multiepoch/delve/r6117/DES1722-0624/p01/coadd
DES1319-0416, DEC_Taiga/multiepoch/delve/r6117/DES1319-0416/p01/coadd
DES1302-1415, DEC_Taiga/multiepoch/delve/r6117/DES1302-1415/p01/coadd
DES1246-1124, DEC_Taiga/multiepoch/delve/r6117/DES1246-1124/p01/coadd
DES1405-0416, DEC_Taiga/multiepoch/delve/r6117/DES1405-0416/p01/coadd
DES1443+1043, DEC_Taiga/multiepoch/delve/r6117/DES1443+1043/p01/coadd
DES1726-0833, DEC_Taiga/multiepoch/delve/r6117/DES1726-0833/p01/coadd
DES1201+1500, DEC_Taiga/multiepoch/delve/r6117/DES1201+1500/p01/coadd
DES1435+2417, DEC_Taiga/multiepoch/delve/r6117/DES1435+2417/p01/coadd
DES1219-0416, DEC_Taiga/multiepoch/delve/r6117/DES1219-0416/p01/coadd
DES1521+1417, DEC_Taiga/multiepoch/delve/r6117/DES1521+1417/p02/coadd
DES1318+1709, DEC_Taiga/multiepoch/delve/r6117/DES1318+1709/p01/coadd
DES1232+2043, DEC_Taiga/multiepoch/delve/r6117/DES1232+2043/p02/coadd
DES1317+1626, DEC_Taiga/multiepoch/delve/r6117/DES1317+1626/p01/coadd
DES1728-0958, DEC_Taiga/multiepoch/delve/r6117/DES1728-0958/p01/coadd
DES1427-1541, DEC_Taiga/multiepoch/delve/r6117/DES1427-1541/p01/coadd
DES1515+0500, DEC_Taiga/multiepoch/delve/r6117/DES1515+0500/p02/coadd
DES1245+2500, DEC_Taiga/multiepoch/delve/r6117/DES1245+2500/p01/coadd
DES1224-0333, DEC_Taiga/multiepoch/delve/r6117/DES1224-0333/p01/coadd
DES1624-1958, DEC_Taiga/multiepoch/delve/r6117/DES1624-1958/p01/coadd
DES1535+1000, DEC_Taiga/multiepoch/delve/r6117/DES1535+1000/p02/coadd
DES1259+2625, DEC_Taiga/multiepoch/delve/r6117/DES1259+2625/p01/coadd
DES1608+0543, DEC_Taiga/multiepoch/delve/r6117/DES1608+0543/p01/coadd
DES1723-0958, DEC_Taiga/multiepoch/delve/r6117/DES1723-0958/p01/coadd
DES1317+0252, DEC_Taiga/multiepoch/delve/r6117/DES1317+0252/p01/coadd
DES1642-0124, DEC_Taiga/multiepoch/delve/r6117/DES1642-0124/p01/coadd
DES1256-1624, DEC_Taiga/multiepoch/delve/r6117/DES1256-1624/p01/coadd
DES1210+0418, DEC_Taiga/multiepoch/delve/r6117/DES1210+0418/p01/coadd
DES1354+0709, DEC_Taiga/multiepoch/delve/r6117/DES1354+0709/p01/coadd
DES1220-0458, DEC_Taiga/multiepoch/delve/r6117/DES1220-0458/p01/coadd
DES1510+0335, DEC_Taiga/multiepoch/delve/r6117/DES1510+0335/p02/coadd
DES1201-2124, DEC_Taiga/multiepoch/delve/r6117/DES1201-2124/p03/coadd
DES1211-2332, DEC_Taiga/multiepoch/delve/r6117/DES1211-2332/p01/coadd
DES1320-0624, DEC_Taiga/multiepoch/delve/r6117/DES1320-0624/p01/coadd
DES1448-1832, DEC_Taiga/multiepoch/delve/r6117/DES1448-1832/p02/coadd
DES1639-0041, DEC_Taiga/multiepoch/delve/r6117/DES1639-0041/p01/coadd
DES1610+1043, DEC_Taiga/multiepoch/delve/r6117/DES1610+1043/p01/coadd
DES1423+1000, DEC_Taiga/multiepoch/delve/r6117/DES1423+1000/p01/coadd
DES1611+0418, DEC_Taiga/multiepoch/delve/r6117/DES1611+0418/p01/coadd
DES1646-1749, DEC_Taiga/multiepoch/delve/r6117/DES1646-1749/p01/coadd
DES1532+0500, DEC_Taiga/multiepoch/delve/r6117/DES1532+0500/p02/coadd
DES1408-0124, DEC_Taiga/multiepoch/delve/r6117/DES1408-0124/p01/coadd
DES1719-0624, DEC_Taiga/multiepoch/delve/r6117/DES1719-0624/p01/coadd
DES1739-0624, DEC_Taiga/multiepoch/delve/r6117/DES1739-0624/p01/coadd
DES1355+0335, DEC_Taiga/multiepoch/delve/r6117/DES1355+0335/p01/coadd
DES1324+2043, DEC_Taiga/multiepoch/delve/r6117/DES1324+2043/p01/coadd
DES1521+0500, DEC_Taiga/multiepoch/delve/r6117/DES1521+0500/p02/coadd
DES1516+1209, DEC_Taiga/multiepoch/delve/r6117/DES1516+1209/p02/coadd
DES1232+1209, DEC_Taiga/multiepoch/delve/r6117/DES1232+1209/p01/coadd
DES1235-1250, DEC_Taiga/multiepoch/delve/r6117/DES1235-1250/p01/coadd
DES1200+0500, DEC_Taiga/multiepoch/delve/r6117/DES1200+0500/p01/coadd
DES1503+1043, DEC_Taiga/multiepoch/delve/r6117/DES1503+1043/p02/coadd
DES1446+1000, DEC_Taiga/multiepoch/delve/r6117/DES1446+1000/p01/coadd
DES1312+1834, DEC_Taiga/multiepoch/delve/r6117/DES1312+1834/p01/coadd
DES1610+1000, DEC_Taiga/multiepoch/delve/r6117/DES1610+1000/p01/coadd
DES1524+0335, DEC_Taiga/multiepoch/delve/r6117/DES1524+0335/p03/coadd
DES1721-0707, DEC_Taiga/multiepoch/delve/r6117/DES1721-0707/p01/coadd
DES1437-1207, DEC_Taiga/multiepoch/delve/r6117/DES1437-1207/p01/coadd
DES1318+1834, DEC_Taiga/multiepoch/delve/r6117/DES1318+1834/p01/coadd
DES0751+3000, DEC_Taiga/multiepoch/delve/r6117/DES0751+3000/p01/coadd
DES1525-1332, DEC_Taiga/multiepoch/delve/r6117/DES1525-1332/p02/coadd
DES1426+1126, DEC_Taiga/multiepoch/delve/r6117/DES1426+1126/p01/coadd
DES1613+0335, DEC_Taiga/multiepoch/delve/r6117/DES1613+0335/p01/coadd
DES1223-1207, DEC_Taiga/multiepoch/delve/r6117/DES1223-1207/p01/coadd
DES1216-1749, DEC_Taiga/multiepoch/delve/r6117/DES1216-1749/p03/coadd
DES1557-2124, DEC_Taiga/multiepoch/delve/r6117/DES1557-2124/p02/coadd
DES1405-0124, DEC_Taiga/multiepoch/delve/r6117/DES1405-0124/p01/coadd
DES1251+2043, DEC_Taiga/multiepoch/delve/r6117/DES1251+2043/p01/coadd
DES1650-2206, DEC_Taiga/multiepoch/delve/r6117/DES1650-2206/p01/coadd
DES1420+1126, DEC_Taiga/multiepoch/delve/r6117/DES1420+1126/p01/coadd
DES1624+1334, DEC_Taiga/multiepoch/delve/r6117/DES1624+1334/p01/coadd
DES1551-1624, DEC_Taiga/multiepoch/delve/r6117/DES1551-1624/p01/coadd
DES1526+0252, DEC_Taiga/multiepoch/delve/r6117/DES1526+0252/p05/coadd
DES1259+2708, DEC_Taiga/multiepoch/delve/r6117/DES1259+2708/p01/coadd
DES1649-1749, DEC_Taiga/multiepoch/delve/r6117/DES1649-1749/p01/coadd
DES1253-0915, DEC_Taiga/multiepoch/delve/r6117/DES1253-0915/p01/coadd
DES1353+0043, DEC_Taiga/multiepoch/delve/r6117/DES1353+0043/p01/coadd
DES1313-2332, DEC_Taiga/multiepoch/delve/r6117/DES1313-2332/p01/coadd
DES1449+0626, DEC_Taiga/multiepoch/delve/r6117/DES1449+0626/p02/coadd
DES1244-1250, DEC_Taiga/multiepoch/delve/r6117/DES1244-1250/p01/coadd
DES1207+1543, DEC_Taiga/multiepoch/delve/r6117/DES1207+1543/p01/coadd
DES1737-0750, DEC_Taiga/multiepoch/delve/r6117/DES1737-0750/p01/coadd
DES1513+0835, DEC_Taiga/multiepoch/delve/r6117/DES1513+0835/p02/coadd
DES1215-1332, DEC_Taiga/multiepoch/delve/r6117/DES1215-1332/p01/coadd
DES1300+1834, DEC_Taiga/multiepoch/delve/r6117/DES1300+1834/p02/coadd
DES1548-2124, DEC_Taiga/multiepoch/delve/r6117/DES1548-2124/p01/coadd
DES1559-0041, DEC_Taiga/multiepoch/delve/r6117/DES1559-0041/p01/coadd
DES1446+1126, DEC_Taiga/multiepoch/delve/r6117/DES1446+1126/p01/coadd
DES1448+0709, DEC_Taiga/multiepoch/delve/r6117/DES1448+0709/p02/coadd
DES1055+3000, DEC_Taiga/multiepoch/delve/r6117/DES1055+3000/p01/coadd
DES1429+1500, DEC_Taiga/multiepoch/delve/r6117/DES1429+1500/p01/coadd
DES1535+1417, DEC_Taiga/multiepoch/delve/r6117/DES1535+1417/p01/coadd
DES1651-1041, DEC_Taiga/multiepoch/delve/r6117/DES1651-1041/p01/coadd
DES1232+0500, DEC_Taiga/multiepoch/delve/r6117/DES1232+0500/p01/coadd
DES1643-1915, DEC_Taiga/multiepoch/delve/r6117/DES1643-1915/p01/coadd
DES1712-0707, DEC_Taiga/multiepoch/delve/r6117/DES1712-0707/p01/coadd
DES1731-0915, DEC_Taiga/multiepoch/delve/r6117/DES1731-0915/p01/coadd
DES1605-2332, DEC_Taiga/multiepoch/delve/r6117/DES1605-2332/p01/coadd
DES1513-1749, DEC_Taiga/multiepoch/delve/r6117/DES1513-1749/p02/coadd
DES1429+0626, DEC_Taiga/multiepoch/delve/r6117/DES1429+0626/p01/coadd
DES1557-0541, DEC_Taiga/multiepoch/delve/r6117/DES1557-0541/p01/coadd
DES1548+2126, DEC_Taiga/multiepoch/delve/r6117/DES1548+2126/p01/coadd
DES1223+2417, DEC_Taiga/multiepoch/delve/r6117/DES1223+2417/p02/coadd
DES1641+0709, DEC_Taiga/multiepoch/delve/r6117/DES1641+0709/p01/coadd
DES1316+1334, DEC_Taiga/multiepoch/delve/r6117/DES1316+1334/p01/coadd
DES1223+0500, DEC_Taiga/multiepoch/delve/r6117/DES1223+0500/p03/coadd
DES1401-1958, DEC_Taiga/multiepoch/delve/r6117/DES1401-1958/p02/coadd
DES1221+3000, DEC_Taiga/multiepoch/delve/r6117/DES1221+3000/p01/coadd
DES1732-0707, DEC_Taiga/multiepoch/delve/r6117/DES1732-0707/p01/coadd
DES1716-0624, DEC_Taiga/multiepoch/delve/r6117/DES1716-0624/p01/coadd
DES1306+1834, DEC_Taiga/multiepoch/delve/r6117/DES1306+1834/p01/coadd
DES1727-0624, DEC_Taiga/multiepoch/delve/r6117/DES1727-0624/p01/coadd
DES1615-0458, DEC_Taiga/multiepoch/delve/r6117/DES1615-0458/p01/coadd
DES1430+0001, DEC_Taiga/multiepoch/delve/r6117/DES1430+0001/p01/coadd
DES1446+1209, DEC_Taiga/multiepoch/delve/r6117/DES1446+1209/p01/coadd
DES1012+3000, DEC_Taiga/multiepoch/delve/r6117/DES1012+3000/p01/coadd
DES1626-1707, DEC_Taiga/multiepoch/delve/r6117/DES1626-1707/p01/coadd
DES1715+0709, DEC_Taiga/multiepoch/delve/r6117/DES1715+0709/p01/coadd
DES1624-2124, DEC_Taiga/multiepoch/delve/r6117/DES1624-2124/p01/coadd
DES1725-0958, DEC_Taiga/multiepoch/delve/r6117/DES1725-0958/p01/coadd
DES1427+1543, DEC_Taiga/multiepoch/delve/r6117/DES1427+1543/p01/coadd
DES1304+1126, DEC_Taiga/multiepoch/delve/r6117/DES1304+1126/p01/coadd
DES1434+1000, DEC_Taiga/multiepoch/delve/r6117/DES1434+1000/p01/coadd
DES1441+2417, DEC_Taiga/multiepoch/delve/r6117/DES1441+2417/p01/coadd
DES1304+1543, DEC_Taiga/multiepoch/delve/r6117/DES1304+1543/p01/coadd
DES1628-1832, DEC_Taiga/multiepoch/delve/r6117/DES1628-1832/p01/coadd
DES1252+2251, DEC_Taiga/multiepoch/delve/r6117/DES1252+2251/p01/coadd
DES1359-1915, DEC_Taiga/multiepoch/delve/r6117/DES1359-1915/p02/coadd
DES1605-0541, DEC_Taiga/multiepoch/delve/r6117/DES1605-0541/p01/coadd
DES1301+1252, DEC_Taiga/multiepoch/delve/r6117/DES1301+1252/p01/coadd
DES1158+3000, DEC_Taiga/multiepoch/delve/r6117/DES1158+3000/p01/coadd
DES1306+1500, DEC_Taiga/multiepoch/delve/r6117/DES1306+1500/p01/coadd
DES1432+0835, DEC_Taiga/multiepoch/delve/r6117/DES1432+0835/p01/coadd
DES1439+2500, DEC_Taiga/multiepoch/delve/r6117/DES1439+2500/p01/coadd
DES1648-1041, DEC_Taiga/multiepoch/delve/r6117/DES1648-1041/p01/coadd
DES1424+0752, DEC_Taiga/multiepoch/delve/r6117/DES1424+0752/p01/coadd
DES0754+3000, DEC_Taiga/multiepoch/delve/r6117/DES0754+3000/p01/coadd
DES1705+0126, DEC_Taiga/multiepoch/delve/r6117/DES1705+0126/p01/coadd
DES1430-1832, DEC_Taiga/multiepoch/delve/r6117/DES1430-1832/p01/coadd
DES1530+0335, DEC_Taiga/multiepoch/delve/r6117/DES1530+0335/p02/coadd
DES1303+1500, DEC_Taiga/multiepoch/delve/r6117/DES1303+1500/p01/coadd
DES1513+1252, DEC_Taiga/multiepoch/delve/r6117/DES1513+1252/p02/coadd
DES1457-1832, DEC_Taiga/multiepoch/delve/r6117/DES1457-1832/p02/coadd
DES1647-2249, DEC_Taiga/multiepoch/delve/r6117/DES1647-2249/p01/coadd
DES1548-1624, DEC_Taiga/multiepoch/delve/r6117/DES1548-1624/p01/coadd
DES1643-2041, DEC_Taiga/multiepoch/delve/r6117/DES1643-2041/p01/coadd
DES1419-0124, DEC_Taiga/multiepoch/delve/r6117/DES1419-0124/p01/coadd
DES1330+1043, DEC_Taiga/multiepoch/delve/r6117/DES1330+1043/p01/coadd
DES1528-0541, DEC_Taiga/multiepoch/delve/r6117/DES1528-0541/p02/coadd
DES1441+2334, DEC_Taiga/multiepoch/delve/r6117/DES1441+2334/p01/coadd
DES1259+0001, DEC_Taiga/multiepoch/delve/r6117/DES1259+0001/p01/coadd
DES1445+2500, DEC_Taiga/multiepoch/delve/r6117/DES1445+2500/p01/coadd
DES1557-2041, DEC_Taiga/multiepoch/delve/r6117/DES1557-2041/p02/coadd
DES1433-1332, DEC_Taiga/multiepoch/delve/r6117/DES1433-1332/p01/coadd
DES1523+0252, DEC_Taiga/multiepoch/delve/r6117/DES1523+0252/p02/coadd
DES1423+1043, DEC_Taiga/multiepoch/delve/r6117/DES1423+1043/p01/coadd
DES1505-0041, DEC_Taiga/multiepoch/delve/r6117/DES1505-0041/p02/coadd
DES1617-2332, DEC_Taiga/multiepoch/delve/r6117/DES1617-2332/p01/coadd
DES1621-2124, DEC_Taiga/multiepoch/delve/r6117/DES1621-2124/p01/coadd
DES1646-2041, DEC_Taiga/multiepoch/delve/r6117/DES1646-2041/p01/coadd
DES1400-1707, DEC_Taiga/multiepoch/delve/r6117/DES1400-1707/p01/coadd
DES1636-2041, DEC_Taiga/multiepoch/delve/r6117/DES1636-2041/p01/coadd
DES0718+3000, DEC_Taiga/multiepoch/delve/r6117/DES0718+3000/p01/coadd
DES1317-2206, DEC_Taiga/multiepoch/delve/r6117/DES1317-2206/p01/coadd
DES1414-1041, DEC_Taiga/multiepoch/delve/r6117/DES1414-1041/p01/coadd
DES1308+1751, DEC_Taiga/multiepoch/delve/r6117/DES1308+1751/p01/coadd
DES1648-1332, DEC_Taiga/multiepoch/delve/r6117/DES1648-1332/p01/coadd
DES1210+0917, DEC_Taiga/multiepoch/delve/r6117/DES1210+0917/p01/coadd
DES1727-0707, DEC_Taiga/multiepoch/delve/r6117/DES1727-0707/p01/coadd
DES1255-1958, DEC_Taiga/multiepoch/delve/r6117/DES1255-1958/p01/coadd
DES1640+1209, DEC_Taiga/multiepoch/delve/r6117/DES1640+1209/p01/coadd
DES1221-0333, DEC_Taiga/multiepoch/delve/r6117/DES1221-0333/p01/coadd
DES1245-2332, DEC_Taiga/multiepoch/delve/r6117/DES1245-2332/p01/coadd
DES1309+0500, DEC_Taiga/multiepoch/delve/r6117/DES1309+0500/p01/coadd
DES1323-2206, DEC_Taiga/multiepoch/delve/r6117/DES1323-2206/p01/coadd
DES1419-2249, DEC_Taiga/multiepoch/delve/r6117/DES1419-2249/p01/coadd
DES0741+3000, DEC_Taiga/multiepoch/delve/r6117/DES0741+3000/p01/coadd
DES1321+2625, DEC_Taiga/multiepoch/delve/r6117/DES1321+2625/p01/coadd
DES1445-0416, DEC_Taiga/multiepoch/delve/r6117/DES1445-0416/p01/coadd
DES1249-1541, DEC_Taiga/multiepoch/delve/r6117/DES1249-1541/p01/coadd
DES1322+2708, DEC_Taiga/multiepoch/delve/r6117/DES1322+2708/p01/coadd
DES1206+2208, DEC_Taiga/multiepoch/delve/r6117/DES1206+2208/p01/coadd
DES1306+0500, DEC_Taiga/multiepoch/delve/r6117/DES1306+0500/p01/coadd
DES1357-1707, DEC_Taiga/multiepoch/delve/r6117/DES1357-1707/p01/coadd
DES1247+3000, DEC_Taiga/multiepoch/delve/r6117/DES1247+3000/p01/coadd
DES1444+2334, DEC_Taiga/multiepoch/delve/r6117/DES1444+2334/p01/coadd
DES1552-0458, DEC_Taiga/multiepoch/delve/r6117/DES1552-0458/p01/coadd
DES1559-1707, DEC_Taiga/multiepoch/delve/r6117/DES1559-1707/p01/coadd
DES1509+0252, DEC_Taiga/multiepoch/delve/r6117/DES1509+0252/p02/coadd
DES1608+0209, DEC_Taiga/multiepoch/delve/r6117/DES1608+0209/p01/coadd
DES1236+0418, DEC_Taiga/multiepoch/delve/r6117/DES1236+0418/p01/coadd
DES1610+0335, DEC_Taiga/multiepoch/delve/r6117/DES1610+0335/p01/coadd
DES0834+3000, DEC_Taiga/multiepoch/delve/r6117/DES0834+3000/p01/coadd
DES1733-0624, DEC_Taiga/multiepoch/delve/r6117/DES1733-0624/p01/coadd
DES1734-1041, DEC_Taiga/multiepoch/delve/r6117/DES1734-1041/p01/coadd
DES1631-1832, DEC_Taiga/multiepoch/delve/r6117/DES1631-1832/p01/coadd
DES1644-2249, DEC_Taiga/multiepoch/delve/r6117/DES1644-2249/p01/coadd
DES1405-0207, DEC_Taiga/multiepoch/delve/r6117/DES1405-0207/p01/coadd
DES0910+3000, DEC_Taiga/multiepoch/delve/r6117/DES0910+3000/p01/coadd
DES1320-0458, DEC_Taiga/multiepoch/delve/r6117/DES1320-0458/p01/coadd
DES1433+0752, DEC_Taiga/multiepoch/delve/r6117/DES1433+0752/p01/coadd
DES1610+0917, DEC_Taiga/multiepoch/delve/r6117/DES1610+0917/p01/coadd
DES1608+0418, DEC_Taiga/multiepoch/delve/r6117/DES1608+0418/p01/coadd
DES1419-0041, DEC_Taiga/multiepoch/delve/r6117/DES1419-0041/p01/coadd
DES1626-2332, DEC_Taiga/multiepoch/delve/r6117/DES1626-2332/p01/coadd
DES1634-1832, DEC_Taiga/multiepoch/delve/r6117/DES1634-1832/p01/coadd
DES1656-0958, DEC_Taiga/multiepoch/delve/r6117/DES1656-0958/p01/coadd
DES1614+0418, DEC_Taiga/multiepoch/delve/r6117/DES1614+0418/p01/coadd
DES1625-1832, DEC_Taiga/multiepoch/delve/r6117/DES1625-1832/p01/coadd
DES1307+2500, DEC_Taiga/multiepoch/delve/r6117/DES1307+2500/p01/coadd
DES1457+0209, DEC_Taiga/multiepoch/delve/r6117/DES1457+0209/p02/coadd
DES1338-0333, DEC_Taiga/multiepoch/delve/r6117/DES1338-0333/p01/coadd
DES1313+1252, DEC_Taiga/multiepoch/delve/r6117/DES1313+1252/p01/coadd
DES1656-0124, DEC_Taiga/multiepoch/delve/r6117/DES1656-0124/p01/coadd
DES1411-0207, DEC_Taiga/multiepoch/delve/r6117/DES1411-0207/p01/coadd
DES1305-0207, DEC_Taiga/multiepoch/delve/r6117/DES1305-0207/p01/coadd
DES1734-0915, DEC_Taiga/multiepoch/delve/r6117/DES1734-0915/p01/coadd
DES1301+2543, DEC_Taiga/multiepoch/delve/r6117/DES1301+2543/p01/coadd
DES1652-1415, DEC_Taiga/multiepoch/delve/r6117/DES1652-1415/p01/coadd
DES1723-1124, DEC_Taiga/multiepoch/delve/r6117/DES1723-1124/p01/coadd
DES1627-2415, DEC_Taiga/multiepoch/delve/r6117/DES1627-2415/p01/coadd
DES1540+0418, DEC_Taiga/multiepoch/delve/r6117/DES1540+0418/p01/coadd
DES1426+1043, DEC_Taiga/multiepoch/delve/r6117/DES1426+1043/p01/coadd
DES1400+2834, DEC_Taiga/multiepoch/delve/r6117/DES1400+2834/p01/coadd
DES1418-0624, DEC_Taiga/multiepoch/delve/r6117/DES1418-0624/p01/coadd
DES1518+0500, DEC_Taiga/multiepoch/delve/r6117/DES1518+0500/p02/coadd
DES1216+0418, DEC_Taiga/multiepoch/delve/r6117/DES1216+0418/p01/coadd
DES1226-0250, DEC_Taiga/multiepoch/delve/r6117/DES1226-0250/p01/coadd
DES1721-1207, DEC_Taiga/multiepoch/delve/r6117/DES1721-1207/p01/coadd
DES1442+0001, DEC_Taiga/multiepoch/delve/r6117/DES1442+0001/p02/coadd
DES1602-1207, DEC_Taiga/multiepoch/delve/r6117/DES1602-1207/p01/coadd
DES1603+2043, DEC_Taiga/multiepoch/delve/r6117/DES1603+2043/p01/coadd
DES1250+1334, DEC_Taiga/multiepoch/delve/r6117/DES1250+1334/p01/coadd
DES1258+1209, DEC_Taiga/multiepoch/delve/r6117/DES1258+1209/p01/coadd
DES1310-1332, DEC_Taiga/multiepoch/delve/r6117/DES1310-1332/p01/coadd
DES1203+0252, DEC_Taiga/multiepoch/delve/r6117/DES1203+0252/p03/coadd
DES1213+0418, DEC_Taiga/multiepoch/delve/r6117/DES1213+0418/p01/coadd
DES1247+1334, DEC_Taiga/multiepoch/delve/r6117/DES1247+1334/p01/coadd
DES1216+0043, DEC_Taiga/multiepoch/delve/r6117/DES1216+0043/p01/coadd
DES1736-0624, DEC_Taiga/multiepoch/delve/r6117/DES1736-0624/p01/coadd
DES1723-1041, DEC_Taiga/multiepoch/delve/r6117/DES1723-1041/p01/coadd
DES1631-2415, DEC_Taiga/multiepoch/delve/r6117/DES1631-2415/p01/coadd
DES1722-0915, DEC_Taiga/multiepoch/delve/r6117/DES1722-0915/p02/coadd
DES1433-1415, DEC_Taiga/multiepoch/delve/r6117/DES1433-1415/p01/coadd
DES1728-0915, DEC_Taiga/multiepoch/delve/r6117/DES1728-0915/p01/coadd
DES1630-1958, DEC_Taiga/multiepoch/delve/r6117/DES1630-1958/p01/coadd
DES0820+3000, DEC_Taiga/multiepoch/delve/r6117/DES0820+3000/p01/coadd
DES1310+2000, DEC_Taiga/multiepoch/delve/r6117/DES1310+2000/p01/coadd
DES1723-0541, DEC_Taiga/multiepoch/delve/r6117/DES1723-0541/p01/coadd
DES1713-0624, DEC_Taiga/multiepoch/delve/r6117/DES1713-0624/p01/coadd
DES1222-1541, DEC_Taiga/multiepoch/delve/r6117/DES1222-1541/p01/coadd
DES1257+0500, DEC_Taiga/multiepoch/delve/r6117/DES1257+0500/p01/coadd
DES1423+1126, DEC_Taiga/multiepoch/delve/r6117/DES1423+1126/p01/coadd
DES1538+0335, DEC_Taiga/multiepoch/delve/r6117/DES1538+0335/p01/coadd
DES1628+2417, DEC_Taiga/multiepoch/delve/r6117/DES1628+2417/p01/coadd
DES1603-1250, DEC_Taiga/multiepoch/delve/r6117/DES1603-1250/p01/coadd
DES1334+1000, DEC_Taiga/multiepoch/delve/r6117/DES1334+1000/p01/coadd
DES1241+1043, DEC_Taiga/multiepoch/delve/r6117/DES1241+1043/p01/coadd
DES1451+0126, DEC_Taiga/multiepoch/delve/r6117/DES1451+0126/p02/coadd
DES1230+1709, DEC_Taiga/multiepoch/delve/r6117/DES1230+1709/p01/coadd
DES1657+1334, DEC_Taiga/multiepoch/delve/r6117/DES1657+1334/p01/coadd
DES1453+0752, DEC_Taiga/multiepoch/delve/r6117/DES1453+0752/p02/coadd
DES1537+1334, DEC_Taiga/multiepoch/delve/r6117/DES1537+1334/p01/coadd
DES1225-0416, DEC_Taiga/multiepoch/delve/r6117/DES1225-0416/p01/coadd
DES1715-0707, DEC_Taiga/multiepoch/delve/r6117/DES1715-0707/p01/coadd
DES1236-2249, DEC_Taiga/multiepoch/delve/r6117/DES1236-2249/p01/coadd
DES1321+0752, DEC_Taiga/multiepoch/delve/r6117/DES1321+0752/p01/coadd
DES1611+0543, DEC_Taiga/multiepoch/delve/r6117/DES1611+0543/p01/coadd
DES1205+1751, DEC_Taiga/multiepoch/delve/r6117/DES1205+1751/p01/coadd
DES1412-0250, DEC_Taiga/multiepoch/delve/r6117/DES1412-0250/p01/coadd
DES1604+0500, DEC_Taiga/multiepoch/delve/r6117/DES1604+0500/p01/coadd
DES0906+3000, DEC_Taiga/multiepoch/delve/r6117/DES0906+3000/p01/coadd
DES1702+0126, DEC_Taiga/multiepoch/delve/r6117/DES1702+0126/p01/coadd
DES1444+2417, DEC_Taiga/multiepoch/delve/r6117/DES1444+2417/p01/coadd
DES1633-2041, DEC_Taiga/multiepoch/delve/r6117/DES1633-2041/p01/coadd
DES1228+0043, DEC_Taiga/multiepoch/delve/r6117/DES1228+0043/p01/coadd
DES1317-0458, DEC_Taiga/multiepoch/delve/r6117/DES1317-0458/p01/coadd
DES1248+2043, DEC_Taiga/multiepoch/delve/r6117/DES1248+2043/p01/coadd
DES1307+1209, DEC_Taiga/multiepoch/delve/r6117/DES1307+1209/p01/coadd
DES1222-0416, DEC_Taiga/multiepoch/delve/r6117/DES1222-0416/p01/coadd
DES1550-1541, DEC_Taiga/multiepoch/delve/r6117/DES1550-1541/p01/coadd
DES1731-0958, DEC_Taiga/multiepoch/delve/r6117/DES1731-0958/p01/coadd
DES1311-1415, DEC_Taiga/multiepoch/delve/r6117/DES1311-1415/p01/coadd
DES1224+0543, DEC_Taiga/multiepoch/delve/r6117/DES1224+0543/p01/coadd
DES1422-1624, DEC_Taiga/multiepoch/delve/r6117/DES1422-1624/p01/coadd
DES1413+0335, DEC_Taiga/multiepoch/delve/r6117/DES1413+0335/p01/coadd
DES1238+1751, DEC_Taiga/multiepoch/delve/r6117/DES1238+1751/p01/coadd
DES1601-2332, DEC_Taiga/multiepoch/delve/r6117/DES1601-2332/p01/coadd
DES1454+0709, DEC_Taiga/multiepoch/delve/r6117/DES1454+0709/p02/coadd
DES1258-1541, DEC_Taiga/multiepoch/delve/r6117/DES1258-1541/p01/coadd
DES1202+2043, DEC_Taiga/multiepoch/delve/r6117/DES1202+2043/p01/coadd
DES1256+2625, DEC_Taiga/multiepoch/delve/r6117/DES1256+2625/p01/coadd
DES1648-1124, DEC_Taiga/multiepoch/delve/r6117/DES1648-1124/p01/coadd
DES1258+1126, DEC_Taiga/multiepoch/delve/r6117/DES1258+1126/p01/coadd
DES1505-1707, DEC_Taiga/multiepoch/delve/r6117/DES1505-1707/p02/coadd
DES1432+1000, DEC_Taiga/multiepoch/delve/r6117/DES1432+1000/p01/coadd
DES1441+0835, DEC_Taiga/multiepoch/delve/r6117/DES1441+0835/p01/coadd
DES1305+2543, DEC_Taiga/multiepoch/delve/r6117/DES1305+2543/p01/coadd
DES1600+2000, DEC_Taiga/multiepoch/delve/r6117/DES1600+2000/p01/coadd
DES1634-2124, DEC_Taiga/multiepoch/delve/r6117/DES1634-2124/p01/coadd
DES1728-0541, DEC_Taiga/multiepoch/delve/r6117/DES1728-0541/p01/coadd
DES1208+1751, DEC_Taiga/multiepoch/delve/r6117/DES1208+1751/p01/coadd
DES1251+0835, DEC_Taiga/multiepoch/delve/r6117/DES1251+0835/p01/coadd
DES1512+1126, DEC_Taiga/multiepoch/delve/r6117/DES1512+1126/p02/coadd
DES1430+0835, DEC_Taiga/multiepoch/delve/r6117/DES1430+0835/p01/coadd
DES1303+1834, DEC_Taiga/multiepoch/delve/r6117/DES1303+1834/p01/coadd
DES1413-0333, DEC_Taiga/multiepoch/delve/r6117/DES1413-0333/p01/coadd
DES1300-1707, DEC_Taiga/multiepoch/delve/r6117/DES1300-1707/p01/coadd
DES1307+1252, DEC_Taiga/multiepoch/delve/r6117/DES1307+1252/p01/coadd
DES1615-1624, DEC_Taiga/multiepoch/delve/r6117/DES1615-1624/p01/coadd
DES1600-2041, DEC_Taiga/multiepoch/delve/r6117/DES1600-2041/p01/coadd
DES1555-0458, DEC_Taiga/multiepoch/delve/r6117/DES1555-0458/p01/coadd
DES1448-0541, DEC_Taiga/multiepoch/delve/r6117/DES1448-0541/p02/coadd
DES1642-1124, DEC_Taiga/multiepoch/delve/r6117/DES1642-1124/p01/coadd
DES1731-0833, DEC_Taiga/multiepoch/delve/r6117/DES1731-0833/p01/coadd
DES1319-1749, DEC_Taiga/multiepoch/delve/r6117/DES1319-1749/p01/coadd
DES1425-0416, DEC_Taiga/multiepoch/delve/r6117/DES1425-0416/p01/coadd
DES1316-0416, DEC_Taiga/multiepoch/delve/r6117/DES1316-0416/p01/coadd
DES1331+1000, DEC_Taiga/multiepoch/delve/r6117/DES1331+1000/p01/coadd
DES1251-0833, DEC_Taiga/multiepoch/delve/r6117/DES1251-0833/p01/coadd
DES0916+3000, DEC_Taiga/multiepoch/delve/r6117/DES0916+3000/p01/coadd
DES1215+2251, DEC_Taiga/multiepoch/delve/r6117/DES1215+2251/p01/coadd
DES1737-0833, DEC_Taiga/multiepoch/delve/r6117/DES1737-0833/p01/coadd
DES1519+1252, DEC_Taiga/multiepoch/delve/r6117/DES1519+1252/p02/coadd
DES1634-2206, DEC_Taiga/multiepoch/delve/r6117/DES1634-2206/p01/coadd
DES1257-1707, DEC_Taiga/multiepoch/delve/r6117/DES1257-1707/p01/coadd
DES1217-1332, DEC_Taiga/multiepoch/delve/r6117/DES1217-1332/p01/coadd
DES1426+1500, DEC_Taiga/multiepoch/delve/r6117/DES1426+1500/p01/coadd
DES1452+0626, DEC_Taiga/multiepoch/delve/r6117/DES1452+0626/p02/coadd
DES1320+1626, DEC_Taiga/multiepoch/delve/r6117/DES1320+1626/p01/coadd
DES1607+0500, DEC_Taiga/multiepoch/delve/r6117/DES1607+0500/p01/coadd
DES1416-2332, DEC_Taiga/multiepoch/delve/r6117/DES1416-2332/p01/coadd
DES1248+0835, DEC_Taiga/multiepoch/delve/r6117/DES1248+0835/p01/coadd
DES1311+1417, DEC_Taiga/multiepoch/delve/r6117/DES1311+1417/p01/coadd
DES1622-1832, DEC_Taiga/multiepoch/delve/r6117/DES1622-1832/p01/coadd
DES1714-0915, DEC_Taiga/multiepoch/delve/r6117/DES1714-0915/p01/coadd
DES1518-0958, DEC_Taiga/multiepoch/delve/r6117/DES1518-0958/p02/coadd
DES1255+1126, DEC_Taiga/multiepoch/delve/r6117/DES1255+1126/p01/coadd
DES1613+1000, DEC_Taiga/multiepoch/delve/r6117/DES1613+1000/p01/coadd
DES1711-0541, DEC_Taiga/multiepoch/delve/r6117/DES1711-0541/p01/coadd
DES1307+1543, DEC_Taiga/multiepoch/delve/r6117/DES1307+1543/p01/coadd
DES1259+2917, DEC_Taiga/multiepoch/delve/r6117/DES1259+2917/p01/coadd
DES1201+3000, DEC_Taiga/multiepoch/delve/r6117/DES1201+3000/p01/coadd
DES1312+1709, DEC_Taiga/multiepoch/delve/r6117/DES1312+1709/p01/coadd
DES1240+0500, DEC_Taiga/multiepoch/delve/r6117/DES1240+0500/p01/coadd
DES1315-0333, DEC_Taiga/multiepoch/delve/r6117/DES1315-0333/p01/coadd
DES1600+0418, DEC_Taiga/multiepoch/delve/r6117/DES1600+0418/p01/coadd
DES1607+0335, DEC_Taiga/multiepoch/delve/r6117/DES1607+0335/p01/coadd
DES1714-0541, DEC_Taiga/multiepoch/delve/r6117/DES1714-0541/p01/coadd
DES1301+1126, DEC_Taiga/multiepoch/delve/r6117/DES1301+1126/p01/coadd
DES1239+0543, DEC_Taiga/multiepoch/delve/r6117/DES1239+0543/p02/coadd
DES1417-1041, DEC_Taiga/multiepoch/delve/r6117/DES1417-1041/p01/coadd
DES1227+1000, DEC_Taiga/multiepoch/delve/r6117/DES1227+1000/p01/coadd
DES1227+2334, DEC_Taiga/multiepoch/delve/r6117/DES1227+2334/p01/coadd
DES1737-0915, DEC_Taiga/multiepoch/delve/r6117/DES1737-0915/p01/coadd
DES1159-2249, DEC_Taiga/multiepoch/delve/r6117/DES1159-2249/p01/coadd
DES1735-0707, DEC_Taiga/multiepoch/delve/r6117/DES1735-0707/p01/coadd
DES1636+0001, DEC_Taiga/multiepoch/delve/r6117/DES1636+0001/p01/coadd
DES1420+1043, DEC_Taiga/multiepoch/delve/r6117/DES1420+1043/p01/coadd
DES1551+2751, DEC_Taiga/multiepoch/delve/r6117/DES1551+2751/p01/coadd
DES1734-0541, DEC_Taiga/multiepoch/delve/r6117/DES1734-0541/p01/coadd
DES1553+0835, DEC_Taiga/multiepoch/delve/r6117/DES1553+0835/p01/coadd
DES1257-0833, DEC_Taiga/multiepoch/delve/r6117/DES1257-0833/p01/coadd
DES1223-0458, DEC_Taiga/multiepoch/delve/r6117/DES1223-0458/p01/coadd
DES1639-1915, DEC_Taiga/multiepoch/delve/r6117/DES1639-1915/p01/coadd
DES1429-1207, DEC_Taiga/multiepoch/delve/r6117/DES1429-1207/p01/coadd
DES1305+1917, DEC_Taiga/multiepoch/delve/r6117/DES1305+1917/p01/coadd
DES1305+2625, DEC_Taiga/multiepoch/delve/r6117/DES1305+2625/p01/coadd
DES1407-0333, DEC_Taiga/multiepoch/delve/r6117/DES1407-0333/p01/coadd
DES1301+1043, DEC_Taiga/multiepoch/delve/r6117/DES1301+1043/p01/coadd
DES1358-1624, DEC_Taiga/multiepoch/delve/r6117/DES1358-1624/p02/coadd
DES1532+0252, DEC_Taiga/multiepoch/delve/r6117/DES1532+0252/p02/coadd
DES1315+1709, DEC_Taiga/multiepoch/delve/r6117/DES1315+1709/p01/coadd
DES1159+1543, DEC_Taiga/multiepoch/delve/r6117/DES1159+1543/p01/coadd
DES1446+0917, DEC_Taiga/multiepoch/delve/r6117/DES1446+0917/p02/coadd
DES1446+0709, DEC_Taiga/multiepoch/delve/r6117/DES1446+0709/p01/coadd
DES1407-0041, DEC_Taiga/multiepoch/delve/r6117/DES1407-0041/p01/coadd
DES1435+0835, DEC_Taiga/multiepoch/delve/r6117/DES1435+0835/p01/coadd
DES1251+0917, DEC_Taiga/multiepoch/delve/r6117/DES1251+0917/p01/coadd
DES1353+0752, DEC_Taiga/multiepoch/delve/r6117/DES1353+0752/p01/coadd
DES1300-1458, DEC_Taiga/multiepoch/delve/r6117/DES1300-1458/p01/coadd
DES1451+0709, DEC_Taiga/multiepoch/delve/r6117/DES1451+0709/p02/coadd
DES1725-0624, DEC_Taiga/multiepoch/delve/r6117/DES1725-0624/p01/coadd
DES1613+1043, DEC_Taiga/multiepoch/delve/r6117/DES1613+1043/p01/coadd
DES1542+0752, DEC_Taiga/multiepoch/delve/r6117/DES1542+0752/p01/coadd
DES1408+0418, DEC_Taiga/multiepoch/delve/r6117/DES1408+0418/p01/coadd
DES1029+3000, DEC_Taiga/multiepoch/delve/r6117/DES1029+3000/p01/coadd
DES1642-1958, DEC_Taiga/multiepoch/delve/r6117/DES1642-1958/p01/coadd
DES1236-0707, DEC_Taiga/multiepoch/delve/r6117/DES1236-0707/p01/coadd
DES1422+0543, DEC_Taiga/multiepoch/delve/r6117/DES1422+0543/p01/coadd
DES1415-0250, DEC_Taiga/multiepoch/delve/r6117/DES1415-0250/p01/coadd
DES1255+2417, DEC_Taiga/multiepoch/delve/r6117/DES1255+2417/p01/coadd
DES1301-1749, DEC_Taiga/multiepoch/delve/r6117/DES1301-1749/p01/coadd
DES1621+2043, DEC_Taiga/multiepoch/delve/r6117/DES1621+2043/p01/coadd
DES1640-2206, DEC_Taiga/multiepoch/delve/r6117/DES1640-2206/p01/coadd
DES1643-2124, DEC_Taiga/multiepoch/delve/r6117/DES1643-2124/p01/coadd
DES1734-0958, DEC_Taiga/multiepoch/delve/r6117/DES1734-0958/p01/coadd
DES1419+1626, DEC_Taiga/multiepoch/delve/r6117/DES1419+1626/p01/coadd
DES1702+0043, DEC_Taiga/multiepoch/delve/r6117/DES1702+0043/p01/coadd
DES1256+2708, DEC_Taiga/multiepoch/delve/r6117/DES1256+2708/p01/coadd
DES1339-1250, DEC_Taiga/multiepoch/delve/r6117/DES1339-1250/p01/coadd
DES1708-0541, DEC_Taiga/multiepoch/delve/r6117/DES1708-0541/p01/coadd
DES1436+2500, DEC_Taiga/multiepoch/delve/r6117/DES1436+2500/p01/coadd
DES1229+1751, DEC_Taiga/multiepoch/delve/r6117/DES1229+1751/p01/coadd
DES1603+0709, DEC_Taiga/multiepoch/delve/r6117/DES1603+0709/p01/coadd
DES1311+1334, DEC_Taiga/multiepoch/delve/r6117/DES1311+1334/p01/coadd
DES1728-0833, DEC_Taiga/multiepoch/delve/r6117/DES1728-0833/p01/coadd
DES1513+0752, DEC_Taiga/multiepoch/delve/r6117/DES1513+0752/p02/coadd
DES1314-1415, DEC_Taiga/multiepoch/delve/r6117/DES1314-1415/p01/coadd
DES1259-1415, DEC_Taiga/multiepoch/delve/r6117/DES1259-1415/p01/coadd
DES1420+1000, DEC_Taiga/multiepoch/delve/r6117/DES1420+1000/p01/coadd
DES1403-2249, DEC_Taiga/multiepoch/delve/r6117/DES1403-2249/p01/coadd
DES1631+0917, DEC_Taiga/multiepoch/delve/r6117/DES1631+0917/p01/coadd
DES1634-0207, DEC_Taiga/multiepoch/delve/r6117/DES1634-0207/p01/coadd
DES1541-0624, DEC_Taiga/multiepoch/delve/r6117/DES1541-0624/p01/coadd
DES1319-0915, DEC_Taiga/multiepoch/delve/r6117/DES1319-0915/p01/coadd
DES1712+0709, DEC_Taiga/multiepoch/delve/r6117/DES1712+0709/p01/coadd
DES1304+2500, DEC_Taiga/multiepoch/delve/r6117/DES1304+2500/p01/coadd
DES1244+1126, DEC_Taiga/multiepoch/delve/r6117/DES1244+1126/p01/coadd
DES1510-0333, DEC_Taiga/multiepoch/delve/r6117/DES1510-0333/p02/coadd
DES1631-2124, DEC_Taiga/multiepoch/delve/r6117/DES1631-2124/p01/coadd
DES1254-0833, DEC_Taiga/multiepoch/delve/r6117/DES1254-0833/p01/coadd
DES1159-1624, DEC_Taiga/multiepoch/delve/r6117/DES1159-1624/p03/coadd
DES1222+2834, DEC_Taiga/multiepoch/delve/r6117/DES1222+2834/p03/coadd
DES1236+1000, DEC_Taiga/multiepoch/delve/r6117/DES1236+1000/p01/coadd
DES1438+2417, DEC_Taiga/multiepoch/delve/r6117/DES1438+2417/p01/coadd
DES1646-2124, DEC_Taiga/multiepoch/delve/r6117/DES1646-2124/p01/coadd
DES1328-1749, DEC_Taiga/multiepoch/delve/r6117/DES1328-1749/p01/coadd
DES1255+0335, DEC_Taiga/multiepoch/delve/r6117/DES1255+0335/p01/coadd
DES1045+3000, DEC_Taiga/multiepoch/delve/r6117/DES1045+3000/p01/coadd
DES1549-1332, DEC_Taiga/multiepoch/delve/r6117/DES1549-1332/p01/coadd
DES1545+2126, DEC_Taiga/multiepoch/delve/r6117/DES1545+2126/p01/coadd
DES1442+2500, DEC_Taiga/multiepoch/delve/r6117/DES1442+2500/p01/coadd
DES0801+3000, DEC_Taiga/multiepoch/delve/r6117/DES0801+3000/p01/coadd
DES1435+0917, DEC_Taiga/multiepoch/delve/r6117/DES1435+0917/p01/coadd
DES1206+1709, DEC_Taiga/multiepoch/delve/r6117/DES1206+1709/p01/coadd
DES1422+0709, DEC_Taiga/multiepoch/delve/r6117/DES1422+0709/p01/coadd
DES1423+1209, DEC_Taiga/multiepoch/delve/r6117/DES1423+1209/p01/coadd
DES1300-0458, DEC_Taiga/multiepoch/delve/r6117/DES1300-0458/p01/coadd
DES1443+1000, DEC_Taiga/multiepoch/delve/r6117/DES1443+1000/p01/coadd
DES1622+0835, DEC_Taiga/multiepoch/delve/r6117/DES1622+0835/p01/coadd
DES1726-1124, DEC_Taiga/multiepoch/delve/r6117/DES1726-1124/p01/coadd
DES1603+2000, DEC_Taiga/multiepoch/delve/r6117/DES1603+2000/p01/coadd
DES1351-2124, DEC_Taiga/multiepoch/delve/r6117/DES1351-2124/p01/coadd
DES1636-0124, DEC_Taiga/multiepoch/delve/r6117/DES1636-0124/p01/coadd
DES1548+2751, DEC_Taiga/multiepoch/delve/r6117/DES1548+2751/p01/coadd
DES1557+1917, DEC_Taiga/multiepoch/delve/r6117/DES1557+1917/p01/coadd
DES1625-2206, DEC_Taiga/multiepoch/delve/r6117/DES1625-2206/p01/coadd
DES1553-0041, DEC_Taiga/multiepoch/delve/r6117/DES1553-0041/p01/coadd
DES1625-1749, DEC_Taiga/multiepoch/delve/r6117/DES1625-1749/p01/coadd
DES1408-0207, DEC_Taiga/multiepoch/delve/r6117/DES1408-0207/p01/coadd
DES1346-1624, DEC_Taiga/multiepoch/delve/r6117/DES1346-1624/p01/coadd
DES1255-0750, DEC_Taiga/multiepoch/delve/r6117/DES1255-0750/p01/coadd
DES1336-1832, DEC_Taiga/multiepoch/delve/r6117/DES1336-1832/p01/coadd
DES1350+0335, DEC_Taiga/multiepoch/delve/r6117/DES1350+0335/p01/coadd
DES1659-0958, DEC_Taiga/multiepoch/delve/r6117/DES1659-0958/p01/coadd
DES1313+1334, DEC_Taiga/multiepoch/delve/r6117/DES1313+1334/p01/coadd
DES1340+0500, DEC_Taiga/multiepoch/delve/r6117/DES1340+0500/p01/coadd
DES1735-0750, DEC_Taiga/multiepoch/delve/r6117/DES1735-0750/p01/coadd
DES1212+2251, DEC_Taiga/multiepoch/delve/r6117/DES1212+2251/p01/coadd
DES1307-1250, DEC_Taiga/multiepoch/delve/r6117/DES1307-1250/p01/coadd
DES1740-0833, DEC_Taiga/multiepoch/delve/r6117/DES1740-0833/p01/coadd
DES1627-2041, DEC_Taiga/multiepoch/delve/r6117/DES1627-2041/p01/coadd
DES1224+3000, DEC_Taiga/multiepoch/delve/r6117/DES1224+3000/p01/coadd
DES1224+1834, DEC_Taiga/multiepoch/delve/r6117/DES1224+1834/p01/coadd
DES1520-0207, DEC_Taiga/multiepoch/delve/r6117/DES1520-0207/p02/coadd
DES1059+3000, DEC_Taiga/multiepoch/delve/r6117/DES1059+3000/p01/coadd
DES1537-0541, DEC_Taiga/multiepoch/delve/r6117/DES1537-0541/p01/coadd
DES1410+0335, DEC_Taiga/multiepoch/delve/r6117/DES1410+0335/p01/coadd
DES1159+2043, DEC_Taiga/multiepoch/delve/r6117/DES1159+2043/p01/coadd
DES1738-0707, DEC_Taiga/multiepoch/delve/r6117/DES1738-0707/p01/coadd
DES1220+0500, DEC_Taiga/multiepoch/delve/r6117/DES1220+0500/p01/coadd
DES1214+0626, DEC_Taiga/multiepoch/delve/r6117/DES1214+0626/p01/coadd
DES1316-2415, DEC_Taiga/multiepoch/delve/r6117/DES1316-2415/p01/coadd
DES1259-1624, DEC_Taiga/multiepoch/delve/r6117/DES1259-1624/p01/coadd
DES1409+1252, DEC_Taiga/multiepoch/delve/r6117/DES1409+1252/p01/coadd
DES1627-1958, DEC_Taiga/multiepoch/delve/r6117/DES1627-1958/p01/coadd
DES1415-0333, DEC_Taiga/multiepoch/delve/r6117/DES1415-0333/p01/coadd
DES1320+1917, DEC_Taiga/multiepoch/delve/r6117/DES1320+1917/p01/coadd
DES1250+1252, DEC_Taiga/multiepoch/delve/r6117/DES1250+1252/p01/coadd
DES1437+0209, DEC_Taiga/multiepoch/delve/r6117/DES1437+0209/p02/coadd
DES1102+3000, DEC_Taiga/multiepoch/delve/r6117/DES1102+3000/p01/coadd
DES1600-2124, DEC_Taiga/multiepoch/delve/r6117/DES1600-2124/p01/coadd
DES1317+1917, DEC_Taiga/multiepoch/delve/r6117/DES1317+1917/p01/coadd
DES1314+1626, DEC_Taiga/multiepoch/delve/r6117/DES1314+1626/p01/coadd
DES1259+0917, DEC_Taiga/multiepoch/delve/r6117/DES1259+0917/p01/coadd
DES1506+0252, DEC_Taiga/multiepoch/delve/r6117/DES1506+0252/p02/coadd
DES1633-1915, DEC_Taiga/multiepoch/delve/r6117/DES1633-1915/p01/coadd
DES1212+0252, DEC_Taiga/multiepoch/delve/r6117/DES1212+0252/p01/coadd
DES1652-1958, DEC_Taiga/multiepoch/delve/r6117/DES1652-1958/p01/coadd
DES1250+0335, DEC_Taiga/multiepoch/delve/r6117/DES1250+0335/p01/coadd
DES1632-2249, DEC_Taiga/multiepoch/delve/r6117/DES1632-2249/p01/coadd
DES1225+2208, DEC_Taiga/multiepoch/delve/r6117/DES1225+2208/p01/coadd
DES1401+0752, DEC_Taiga/multiepoch/delve/r6117/DES1401+0752/p01/coadd
DES1425+0543, DEC_Taiga/multiepoch/delve/r6117/DES1425+0543/p01/coadd
DES1612+0500, DEC_Taiga/multiepoch/delve/r6117/DES1612+0500/p01/coadd
DES1303+0500, DEC_Taiga/multiepoch/delve/r6117/DES1303+0500/p01/coadd
DES1229-1124, DEC_Taiga/multiepoch/delve/r6117/DES1229-1124/p01/coadd
DES1255-2206, DEC_Taiga/multiepoch/delve/r6117/DES1255-2206/p01/coadd
DES1403+2834, DEC_Taiga/multiepoch/delve/r6117/DES1403+2834/p01/coadd
DES1628-1749, DEC_Taiga/multiepoch/delve/r6117/DES1628-1749/p01/coadd
DES1624-2041, DEC_Taiga/multiepoch/delve/r6117/DES1624-2041/p01/coadd
DES1409-0250, DEC_Taiga/multiepoch/delve/r6117/DES1409-0250/p01/coadd
DES1602+1043, DEC_Taiga/multiepoch/delve/r6117/DES1602+1043/p01/coadd
DES1214-1124, DEC_Taiga/multiepoch/delve/r6117/DES1214-1124/p01/coadd
DES1215+0252, DEC_Taiga/multiepoch/delve/r6117/DES1215+0252/p01/coadd
DES1328+1543, DEC_Taiga/multiepoch/delve/r6117/DES1328+1543/p01/coadd
DES1226+1751, DEC_Taiga/multiepoch/delve/r6117/DES1226+1751/p01/coadd
DES1239+0043, DEC_Taiga/multiepoch/delve/r6117/DES1239+0043/p01/coadd
DES1316-1332, DEC_Taiga/multiepoch/delve/r6117/DES1316-1332/p01/coadd
DES1511+0752, DEC_Taiga/multiepoch/delve/r6117/DES1511+0752/p02/coadd
DES1313-1958, DEC_Taiga/multiepoch/delve/r6117/DES1313-1958/p01/coadd
DES1646-2206, DEC_Taiga/multiepoch/delve/r6117/DES1646-2206/p01/coadd
DES1602-0541, DEC_Taiga/multiepoch/delve/r6117/DES1602-0541/p01/coadd
DES1640+1126, DEC_Taiga/multiepoch/delve/r6117/DES1640+1126/p01/coadd
DES1335+0252, DEC_Taiga/multiepoch/delve/r6117/DES1335+0252/p01/coadd
DES1737-0958, DEC_Taiga/multiepoch/delve/r6117/DES1737-0958/p01/coadd
DES1523-1541, DEC_Taiga/multiepoch/delve/r6117/DES1523-1541/p02/coadd
DES1524-2249, DEC_Taiga/multiepoch/delve/r6117/DES1524-2249/p02/coadd
DES1550+2834, DEC_Taiga/multiepoch/delve/r6117/DES1550+2834/p01/coadd
DES1726-1041, DEC_Taiga/multiepoch/delve/r6117/DES1726-1041/p01/coadd
DES1729-1124, DEC_Taiga/multiepoch/delve/r6117/DES1729-1124/p01/coadd
DES1218+1043, DEC_Taiga/multiepoch/delve/r6117/DES1218+1043/p01/coadd
DES1431-1041, DEC_Taiga/multiepoch/delve/r6117/DES1431-1041/p01/coadd
DES1558-1749, DEC_Taiga/multiepoch/delve/r6117/DES1558-1749/p01/coadd
DES1355-0333, DEC_Taiga/multiepoch/delve/r6117/DES1355-0333/p01/coadd
DES1236-0124, DEC_Taiga/multiepoch/delve/r6117/DES1236-0124/p01/coadd
DES1342-0124, DEC_Taiga/multiepoch/delve/r6117/DES1342-0124/p01/coadd
DES1354+0209, DEC_Taiga/multiepoch/delve/r6117/DES1354+0209/p01/coadd
DES1737-0541, DEC_Taiga/multiepoch/delve/r6117/DES1737-0541/p01/coadd
DES1112+3000, DEC_Taiga/multiepoch/delve/r6117/DES1112+3000/p03/coadd
DES1700+1334, DEC_Taiga/multiepoch/delve/r6117/DES1700+1334/p01/coadd
DES1319+1543, DEC_Taiga/multiepoch/delve/r6117/DES1319+1543/p01/coadd
DES1610+0500, DEC_Taiga/multiepoch/delve/r6117/DES1610+0500/p01/coadd
DES1729-1041, DEC_Taiga/multiepoch/delve/r6117/DES1729-1041/p01/coadd
DES1655-1958, DEC_Taiga/multiepoch/delve/r6117/DES1655-1958/p01/coadd
DES0847+3000, DEC_Taiga/multiepoch/delve/r6117/DES0847+3000/p01/coadd
DES1521+0335, DEC_Taiga/multiepoch/delve/r6117/DES1521+0335/p02/coadd
DES1317+0835, DEC_Taiga/multiepoch/delve/r6117/DES1317+0835/p01/coadd
DES1600+1917, DEC_Taiga/multiepoch/delve/r6117/DES1600+1917/p01/coadd
DES1631+0209, DEC_Taiga/multiepoch/delve/r6117/DES1631+0209/p01/coadd
DES1742-0624, DEC_Taiga/multiepoch/delve/r6117/DES1742-0624/p01/coadd
DES1700-1041, DEC_Taiga/multiepoch/delve/r6117/DES1700-1041/p01/coadd
DES1655-2041, DEC_Taiga/multiepoch/delve/r6117/DES1655-2041/p01/coadd
DES1631-2206, DEC_Taiga/multiepoch/delve/r6117/DES1631-2206/p01/coadd
DES1215-1707, DEC_Taiga/multiepoch/delve/r6117/DES1215-1707/p01/coadd
DES1302+2625, DEC_Taiga/multiepoch/delve/r6117/DES1302+2625/p01/coadd
DES1256+0917, DEC_Taiga/multiepoch/delve/r6117/DES1256+0917/p01/coadd
DES1430-0041, DEC_Taiga/multiepoch/delve/r6117/DES1430-0041/p01/coadd
DES1512+0252, DEC_Taiga/multiepoch/delve/r6117/DES1512+0252/p02/coadd
DES0930+3000, DEC_Taiga/multiepoch/delve/r6117/DES0930+3000/p01/coadd
DES1359+1126, DEC_Taiga/multiepoch/delve/r6117/DES1359+1126/p01/coadd
DES1410-0333, DEC_Taiga/multiepoch/delve/r6117/DES1410-0333/p01/coadd
DES1255+1209, DEC_Taiga/multiepoch/delve/r6117/DES1255+1209/p01/coadd
DES1429-0250, DEC_Taiga/multiepoch/delve/r6117/DES1429-0250/p01/coadd
DES1734-0833, DEC_Taiga/multiepoch/delve/r6117/DES1734-0833/p01/coadd
DES1351+1543, DEC_Taiga/multiepoch/delve/r6117/DES1351+1543/p01/coadd
DES1518+1209, DEC_Taiga/multiepoch/delve/r6117/DES1518+1209/p02/coadd
DES1517+1334, DEC_Taiga/multiepoch/delve/r6117/DES1517+1334/p02/coadd
DES1223+0626, DEC_Taiga/multiepoch/delve/r6117/DES1223+0626/p01/coadd
DES1529+0252, DEC_Taiga/multiepoch/delve/r6117/DES1529+0252/p02/coadd
DES1514+1334, DEC_Taiga/multiepoch/delve/r6117/DES1514+1334/p02/coadd
DES1429+0500, DEC_Taiga/multiepoch/delve/r6117/DES1429+0500/p01/coadd
DES1607+1000, DEC_Taiga/multiepoch/delve/r6117/DES1607+1000/p01/coadd
DES1313-1332, DEC_Taiga/multiepoch/delve/r6117/DES1313-1332/p01/coadd
DES1359+0418, DEC_Taiga/multiepoch/delve/r6117/DES1359+0418/p01/coadd
DES1727-1207, DEC_Taiga/multiepoch/delve/r6117/DES1727-1207/p01/coadd
DES1435-0833, DEC_Taiga/multiepoch/delve/r6117/DES1435-0833/p01/coadd
DES1614+0543, DEC_Taiga/multiepoch/delve/r6117/DES1614+0543/p01/coadd
DES1711-0915, DEC_Taiga/multiepoch/delve/r6117/DES1711-0915/p01/coadd
DES1212+0335, DEC_Taiga/multiepoch/delve/r6117/DES1212+0335/p01/coadd
DES1630-2332, DEC_Taiga/multiepoch/delve/r6117/DES1630-2332/p01/coadd
DES1643-1207, DEC_Taiga/multiepoch/delve/r6117/DES1643-1207/p01/coadd
DES1715+1209, DEC_Taiga/multiepoch/delve/r6117/DES1715+1209/p01/coadd
DES1353+0335, DEC_Taiga/multiepoch/delve/r6117/DES1353+0335/p01/coadd
DES1718+1209, DEC_Taiga/multiepoch/delve/r6117/DES1718+1209/p01/coadd
DES1049+3000, DEC_Taiga/multiepoch/delve/r6117/DES1049+3000/p03/coadd
DES1503-0207, DEC_Taiga/multiepoch/delve/r6117/DES1503-0207/p02/coadd
DES1649-2041, DEC_Taiga/multiepoch/delve/r6117/DES1649-2041/p01/coadd
DES1630-2041, DEC_Taiga/multiepoch/delve/r6117/DES1630-2041/p01/coadd
DES1235-1332, DEC_Taiga/multiepoch/delve/r6117/DES1235-1332/p01/coadd
DES1605+0418, DEC_Taiga/multiepoch/delve/r6117/DES1605+0418/p01/coadd
DES1248+0917, DEC_Taiga/multiepoch/delve/r6117/DES1248+0917/p01/coadd
DES1348-0915, DEC_Taiga/multiepoch/delve/r6117/DES1348-0915/p01/coadd
DES1313-1250, DEC_Taiga/multiepoch/delve/r6117/DES1313-1250/p01/coadd
DES1731-1041, DEC_Taiga/multiepoch/delve/r6117/DES1731-1041/p01/coadd
DES1345+1043, DEC_Taiga/multiepoch/delve/r6117/DES1345+1043/p01/coadd
DES1732-1124, DEC_Taiga/multiepoch/delve/r6117/DES1732-1124/p01/coadd
DES1732-0750, DEC_Taiga/multiepoch/delve/r6117/DES1732-0750/p01/coadd
DES1411-0124, DEC_Taiga/multiepoch/delve/r6117/DES1411-0124/p01/coadd
DES1649-1832, DEC_Taiga/multiepoch/delve/r6117/DES1649-1832/p01/coadd
DES1400+1000, DEC_Taiga/multiepoch/delve/r6117/DES1400+1000/p02/coadd
DES1221+0543, DEC_Taiga/multiepoch/delve/r6117/DES1221+0543/p01/coadd
DES1724-0707, DEC_Taiga/multiepoch/delve/r6117/DES1724-0707/p01/coadd
DES1649-1415, DEC_Taiga/multiepoch/delve/r6117/DES1649-1415/p01/coadd
DES1254-0207, DEC_Taiga/multiepoch/delve/r6117/DES1254-0207/p01/coadd
DES1651-1332, DEC_Taiga/multiepoch/delve/r6117/DES1651-1332/p01/coadd
DES1442-0124, DEC_Taiga/multiepoch/delve/r6117/DES1442-0124/p01/coadd
